STT,Tiêu đề,Nội dung chính,Nội dung chi tiết,Link
1,"Hoàn thiện quy định về đảng viên làm kinh tế tư nhân, phát huy nguồn lực cho phát triển","Tổng Bí thư, Chủ tịch nước Tô Lâm chủ trì buổi làm việc với Ban Chính sách, chiến lược Trung ương và các cơ quan liên quan về đề xuất quy định mới đối với đảng viên làm kinh tế tư nhân. Cuộc làm việc tập trung vào yêu cầu vừa phát huy nguồn lực phát triển, vừa bảo đảm nguyên tắc, kỷ luật và phòng ngừa xung đột lợi ích.","Tại buổi làm việc chiều 14/9, sau khi nghe báo cáo về Đề án xây dựng quy định mới, Tổng Bí thư, Chủ tịch nước Tô Lâm yêu cầu quy định phải kế thừa các nguyên tắc còn giá trị nhưng đồng thời xử lý những vấn đề mới về sở hữu, tổ chức sản xuất, phân phối và trách nhiệm của đảng viên trong kinh tế thị trường. Quyền tham gia hoạt động kinh tế hợp pháp phải gắn với chức trách, nghĩa vụ và không tạo đặc quyền kinh doanh. Nội dung được yêu cầu làm rõ gồm phạm vi được làm, không được làm theo từng nhóm đảng viên, cơ chế kiểm soát xung đột lợi ích và tiêu chí đánh giá như năng suất, đổi mới, nghĩa vụ thuế, tiền lương, bảo hiểm, an toàn lao động và bảo vệ môi trường.",https://baochinhphu.vn/tong-bi-thu-chu-tich-nuoc-to-lam-hoan-thien-quy-dinh-ve-dang-vien-lam-kinh-te-tu-nhan-phat-huy-nguon-luc-cho-phat-trien-102260914190726927.htm
2,"Tháo gỡ điểm nghẽn, đẩy nhanh giám định ADN hài cốt liệt sĩ","Phó Thủ tướng Phạm Thị Thanh Trà yêu cầu tập trung tháo gỡ các vướng mắc về công nghệ, nhân lực, dữ liệu, cơ sở vật chất và cơ chế phối hợp trong giám định ADN hài cốt liệt sĩ. Chiến dịch 500 ngày đặt mục tiêu giám định khoảng 18.000 mẫu ADN.","Chiều 14/9, Phó Thủ tướng Phạm Thị Thanh Trà, Trưởng Ban Chỉ đạo quốc gia về tìm kiếm, quy tập và xác định danh tính hài cốt liệt sĩ, làm việc với các bộ, ngành về tiến độ giám định ADN. Trọng tâm là huy động nguồn lực và tháo gỡ các điểm nghẽn về công nghệ, nhân lực chuyên sâu, dữ liệu, cơ sở vật chất, kinh phí, quy trình và định mức. Theo mục tiêu của Chiến dịch 500 ngày đêm, khoảng 18.000 mẫu hài cốt liệt sĩ cần được giám định ADN; đồng thời đẩy nhanh lấy mẫu đối với các phần mộ còn thiếu thông tin và xây dựng dữ liệu phục vụ đối sánh, xác định danh tính.",https://phamthithanhtra.chinhphu.vn/thao-go-diem-nghen-day-nhanh-giam-dinh-adn-hai-cot-liet-si-128260917102404257.htm
3,"Từ 20/9/2026, Việt Nam có 9 thành phố trực thuộc Trung ương","Từ ngày 20/9, Nghị quyết thành lập thành phố Bắc Ninh có hiệu lực. Việt Nam có 9 thành phố trực thuộc Trung ương gồm Hà Nội, TP.HCM, Hải Phòng, Đà Nẵng, Cần Thơ, Huế, Đồng Nai, Quảng Ninh và Bắc Ninh.","Theo VOV, Nghị quyết của Quốc hội về việc thành lập thành phố Bắc Ninh có hiệu lực từ ngày 20/9/2026. Từ thời điểm này, số thành phố trực thuộc Trung ương của Việt Nam là 9. Danh sách gồm Hà Nội, TP.HCM, Hải Phòng, Đà Nẵng, Cần Thơ, Huế, Đồng Nai, Quảng Ninh và Bắc Ninh. Bài gốc được trình bày dưới dạng infographic, tập trung vào mốc hiệu lực của nghị quyết và danh sách các thành phố trực thuộc Trung ương sau thay đổi.",https://vov.vn/multimedia/infographic/tu-209-viet-nam-co-9-thanh-pho-truc-thuoc-trung-uong-post1334250.vov
4,"Các nội dung bất cập, chưa phù hợp trong sách giáo khoa sẽ được chỉnh sửa đồng bộ","Tại phiên giải trình của Ủy ban Văn hóa và Xã hội của Quốc hội sáng 20/9, Bộ trưởng Bộ Giáo dục và Đào tạo Hoàng Minh Sơn cho biết chương trình và sách giáo khoa sẽ được rà soát, chỉnh sửa đồng bộ, tập trung khắc phục các nội dung chưa phù hợp, giảm quá tải và nâng chất lượng dạy học. Bộ cũng đang xử lý tình trạng thiếu sách giáo khoa cục bộ đầu năm học 2026-2027.","Bộ Giáo dục và Đào tạo cho biết việc rà soát sẽ xem xét toàn diện chương trình giáo dục phổ thông, tăng cường phát triển năng lực, đạo đức, kỹ năng sống và trách nhiệm xã hội cho học sinh, đồng thời giảm thời lượng những nội dung chưa thiết thực. Về cung ứng sách, đến 17 giờ ngày 19/9 khoảng 99,75% sách giáo khoa đã đến tay người học, còn khoảng 900.000 cuốn chưa được giao. Bộ yêu cầu Nhà xuất bản Giáo dục Việt Nam và các đơn vị cung ứng khẩn trương hoàn tất, đồng thời rút kinh nghiệm về dự báo nhu cầu và kế hoạch in, phát hành.",https://www.qdnd.vn/giao-duc-khoa-hoc/tin-tuc/cac-noi-dung-bat-cap-chua-phu-hop-trong-sach-giao-khoa-se-duoc-chinh-sua-dong-bo-1057663
5,"Tổng Bí thư, Chủ tịch nước Tô Lâm lên đường dự Phiên thảo luận cấp cao Đại hội đồng Liên Hợp Quốc khóa 81 tại Hoa Kỳ và thăm cấp Nhà nước tới Canada","Ngày 20/9, Tổng Bí thư, Chủ tịch nước Tô Lâm và Đoàn đại biểu cấp cao Việt Nam rời Hà Nội, bắt đầu chuyến công tác từ ngày 20-25/9/2026 để tham dự Phiên thảo luận cấp cao Đại hội đồng Liên Hợp Quốc khóa 81, tiến hành các hoạt động song phương tại Hoa Kỳ và thăm cấp Nhà nước tới Canada.","Chuyến công tác kết hợp hoạt động đa phương tại Liên Hợp Quốc, các cuộc tiếp xúc và hoạt động song phương tại Hoa Kỳ, cùng chuyến thăm cấp Nhà nước tới Canada theo lời mời của Toàn quyền Canada Louise Arbour. Theo thông tin của Báo Điện tử Chính phủ, chương trình hướng tới tiếp tục thúc đẩy quan hệ của Việt Nam với Liên Hợp Quốc, Hoa Kỳ và Canada, đồng thời thể hiện sự tham gia của Việt Nam trong các vấn đề quốc tế và khu vực.",https://baochinhphu.vn/tong-bi-thu-chu-tich-nuoc-to-lam-len-duong-du-phien-thao-luan-cap-cao-dai-hoi-dong-lien-hop-quoc-khoa-81-tai-hoa-ky-va-tham-cap-nha-nuoc-toi-canada-102260920134228247.htm
6,"Các nhà mạng chính thức tắt sóng 2G từ ngày 15/9","Các nhà mạng triển khai tắt sóng 2G trên phạm vi toàn quốc theo lộ trình, ngoại trừ một số khu vực đặc thù như Trường Sa, Hoàng Sa và nhà giàn DK. Việc dừng 2G tạo điều kiện tái sử dụng tần số, thiết bị và hạ tầng cho các công nghệ di động thế hệ mới.","Từ 15/9/2026, doanh nghiệp viễn thông dừng phát sóng 2G trên toàn quốc, ngoại trừ dịch vụ tại quần đảo Trường Sa, Hoàng Sa và nhà giàn DK. Trước đó, từ 16/9/2024, các nhà mạng đã dừng phục vụ thuê bao sử dụng thiết bị chỉ hỗ trợ 2G. Việc tắt mạng giúp giảm chi phí vận hành và nâng hiệu quả sử dụng tài nguyên tần số; hạ tầng, thiết bị và phổ tần dành cho 2G được tái quy hoạch để phục vụ công nghệ hiện đại hơn. Viettel và VNPT cho biết đã chuẩn bị vùng phủ, thiết bị và phương án hỗ trợ khách hàng chuyển sang hạ tầng 4G/5G.",https://baochinhphu.vn/nha-mang-chinh-thuc-tat-song-2g-tu-hom-nay-15-9-102260915112648229.htm
7,"Khai mạc Đại hội Thể thao châu Á lần thứ 20 tại Nhật Bản","Lễ khai mạc ASIAD 20 diễn ra tại sân vận động Paloma Mizuho với chủ đề “Heart Beat Aichi-Nagoya”. Đại hội quy tụ vận động viên châu Á tranh tài ở 43 môn thể thao chính thức.","Tối 19/9, lễ khai mạc ASIAD 20 diễn ra tại sân vận động Paloma Mizuho, thành phố Nagoya, với chủ đề “Heart Beat Aichi-Nagoya”. Bài ảnh của VietnamPlus ghi lại phát biểu của Chủ tịch Hội đồng Olympic châu Á Sheikh Joaan Bin Hamad Al Thani, các tiết mục biểu diễn nghệ thuật, phần diễu hành của các đoàn thể thao và nghi thức vận động viên tuyên thệ. Đoàn Thể thao Việt Nam cũng xuất hiện trong lễ diễu hành. Theo bài đăng, các vận động viên châu Á tranh tài ở 43 môn thể thao chính thức.",https://www.vietnamplus.vn/khai-mac-dai-hoi-the-thao-chau-a-lan-thu-20-tai-nhat-ban-post1137212.vnp
8,"Ukraine nêu khả năng tạm dừng tấn công lãnh thổ Nga nếu hạ tầng trọng yếu của Ukraine được bảo đảm","Tổng thống Volodymyr Zelenskyy nói Ukraine có thể dừng các đòn tấn công vào lãnh thổ Nga nếu có cam kết thực chất rằng Nga không tấn công hạ tầng trọng yếu của Ukraine. Phát biểu được đưa ra trong bối cảnh các bên tiếp tục thảo luận về điều kiện giảm leo thang và bảo đảm an ninh.","Theo AP, Tổng thống Ukraine Volodymyr Zelenskyy tuyên bố Kyiv sẵn sàng tạm dừng các cuộc tấn công vào lãnh thổ Nga nếu các đồng minh giúp bảo đảm một cam kết thực chất từ Moskva về việc không đánh vào hạ tầng trọng yếu của Ukraine. Phát biểu xuất hiện sau khi Tổng thống Mỹ Donald Trump nói hai bên đã đồng ý không tấn công hạ tầng năng lượng của nhau, nhưng không nêu chi tiết; Nga khi đó chưa xác nhận tuyên bố này. Zelenskyy cho rằng giảm leo thang quanh hạ tầng trọng yếu có thể là bước đầu hướng tới hòa bình và cho biết Ukraine đang chờ các đề xuất cụ thể từ đối tác.",https://apnews.com/article/dbba56f09562f337aa731f7d4bbd1235
9,"Trung Quốc phóng thành công nhóm 4 vệ tinh radar khẩu độ tổng hợp","Trung Quốc phóng bốn vệ tinh radar khẩu độ tổng hợp PIESAT-2 bằng tên lửa Trường Chinh-2D. Đây được công bố là nhiệm vụ thứ 668 của dòng tên lửa Trường Chinh, bổ sung năng lực quan sát Trái Đất bằng radar.","Ngày 19/9, tên lửa Trường Chinh-2D được phóng từ Trung tâm Phóng vệ tinh Thái Nguyên ở tỉnh Sơn Tây, đưa bốn vệ tinh PIESAT-2 13-16 vào quỹ đạo định trước. Đây là sứ mệnh thứ 668 của dòng tên lửa Trường Chinh. Trường Chinh-2D là tên lửa nhiên liệu lỏng hai tầng, có khả năng đưa tải trọng khoảng 1,3 tấn lên quỹ đạo đồng bộ Mặt Trời ở độ cao 700 km. Bốn vệ tinh SAR do GalaxySpace phát triển, được trang bị thiết bị thông minh và độ phân giải cao, hướng tới xử lý dữ liệu viễn thám theo thời gian thực ngay trên quỹ đạo.",https://www.vietnamplus.vn/trung-quoc-phong-thanh-cong-nhom-4-ve-tinh-radar-khau-do-tong-hop-post1137234.amp
